{"stat.useItem.minecraft.string":1,"stat.useItem.minecraft.bow":2,"stat.useItem.minecraft.quartz_block":1,"stat.pickup.minecraft.wooden_slab":1,"stat.leaveGame":33,"stat.craftItem.minecraft.iron_axe":2,"stat.mineBlock.minecraft.sandstone":68,"stat.useItem.minecraft.planks":288,"stat.pickup.minecraft.porkchop":45,"stat.pickup.minecraft.glass":45,"stat.pickup.minecraft.blaze_powder":1,"stat.useItem.minecraft.water_bucket":65,"stat.drop.minecraft.iron_sword":1,"stat.mineBlock.minecraft.stone_brick_stairs":21,"stat.pickup.minecraft.rotten_flesh":36,"stat.pickup.minecraft.sand":15,"stat.craftItem.zawa.iron_wall_lamp":4,"stat.pickup.minecraft.brick_block":2,"stat.craftItem.minecraft.stone_axe":1,"stat.craftItem.minecraft.noteblock":1,"stat.killEntity.Enderman":2,"stat.mineBlock.minecraft.wooden_slab":1,"stat.pickup.minecraft.leather_boots":1,"stat.pickup.minecraft.chainmail_chestplate":1,"stat.craftItem.minecraft.wooden_hoe":1,"stat.useItem.minecraft.iron_pickaxe":753,"stat.useItem.minecraft.spawn_egg":39,"stat.craftItem.minecraft.wooden_pickaxe":1,"stat.craftItem.minecraft.iron_door":3,"stat.mineBlock.minecraft.brick_block":2,"stat.craftItem.minecraft.bed":2,"stat.craftItem.cfm.coffee_table_birch":1,"stat.useItem.minecraft.oak_stairs":88,"stat.furnaceInteraction":48,"stat.killEntity.ZombieVillager":2,"stat.pickup.minecraft.beef":15,"stat.pickup.minecraft.furnace":4,"stat.pickup.zawa.large_meat_raw":2,"stat.useItem.minecraft.cooked_mutton":9,"stat.pickup.minecraft.leather_helmet":1,"stat.pickup.minecraft.cauldron":2,"stat.pickup.leatherworks.broken_leather_leggings":1,"stat.useItem.minecraft.wheat_seeds":3,"stat.killEntity.Husk":2,"stat.craftItem.minecraft.heavy_weighted_pressure_plate":1,"stat.mineBlock.minecraft.oak_stairs":6,"stat.deaths":6,"stat.pickup.minecraft.egg":11,"stat.playOneMinute":849824,"stat.craftItem.minecraft.wooden_shovel":1,"stat.drop.minecraft.string":2,"stat.craftItem.minecraft.iron_pickaxe":3,"stat.craftItem.securitycraft.keypad_item":1,"stat.pickup.minecraft.iron_bars":7,"stat.drop.minecraft.glass_bottle":4,"stat.mineBlock.minecraft.tallgrass":254,"stat.craftItem.minecraft.cooked_mutton":9,"stat.chestOpened":77,"stat.useItem.minecraft.splash_potion":1,"stat.useItem.minecraft.stone":13,"stat.pickup.minecraft.arrow":8,"stat.pickup.minecraft.iron_sword":1,"stat.fallOneCm":177366,"stat.crouchOneCm":594864,"stat.craftItem.minecraft.iron_ingot":101,"stat.craftItem.minecraft.chest":4,"stat.craftingTableInteraction":78,"stat.useItem.customnpcs.npccarpentybench":1,"stat.mineBlock.minecraft.log2":7,"stat.pickup.minecraft.feather":2,"stat.craftItem.fossil.cooked_egg":4,"stat.mineBlock.armorplus.ore_lava_crystal":51,"stat.craftItem.minecraft.wooden_sword":1,"stat.pickup.minecraft.dye":118,"stat.pickup.minecraft.planks":61,"stat.pickup.minecraft.wheat_seeds":128,"stat.useItem.zawa.iron_wall_lamp":2,"stat.useItem.minecraft.stone_pickaxe":327,"stat.craftItem.minecraft.birch_stairs":4,"stat.mineBlock.minecraft.glass":1,"stat.craftItem.minecraft.iron_leggings":1,"stat.useItem.minecraft.wool":1,"stat.craftItem.minecraft.oak_stairs":88,"stat.mineBlock.minecraft.dirt":124,"stat.pickup.minecraft.chainmail_boots":2,"stat.craftItem.securitycraft.dirt_mine":3,"stat.useItem.minecraft.iron_bars":2,"stat.mineBlock.minecraft.quartz_stairs":19,"stat.useItem.cfm.chair_birch":1,"stat.useItem.minecraft.bread":32,"stat.useItem.minecraft.torch":126,"stat.pickup.minecraft.brewing_stand":3,"stat.pickup.minecraft.golden_apple":1,"stat.drop.minecraft.rotten_flesh":1,"stat.pickup.minecraft.crafting_table":10,"stat.useItem.minecraft.log":161,"stat.drop.zawa.iron_wall_lamp":2,"stat.useItem.minecraft.cobblestone":541,"stat.craftItem.minecraft.crafting_table":5,"stat.useItem.minecraft.gravel":1,"stat.mineBlock.minecraft.double_plant":16,"stat.mineBlock.zawa.bamboo":1,"stat.pickup.minecraft.log":288,"stat.craftItem.minecraft.stone_button":9,"stat.pickup.minecraft.chicken":1,"stat.pickup.minecraft.chainmail_leggings":1,"stat.pickup.minecraft.sapling":28,"stat.pickup.minecraft.apple":2,"stat.craftItem.securitycraft.door_indestructible_iron_item":1,"stat.pickup.minecraft.coal_block":4,"stat.craftItem.minecraft.bucket":1,"stat.craftItem.minecraft.planks":508,"stat.useItem.minecraft.iron_sword":99,"stat.craftItem.zawa.coin":85,"stat.useItem.minecraft.stonebrick":23,"stat.mineBlock.minecraft.log":290,"stat.pickup.leatherworks.broken_leather_boots":2,"stat.pickup.minecraft.iron_door":2,"stat.pickup.minecraft.red_flower":7,"stat.sneakTime":161416,"stat.pickup.minecraft.wool":20,"stat.useItem.minecraft.wooden_axe":37,"stat.drop.minecraft.stone_pickaxe":1,"stat.pickup.minecraft.bone":53,"stat.pickup.minecraft.stone_pressure_plate":2,"stat.pickup.minecraft.redstone_torch":1,"stat.useItem.minecraft.iron_axe":618,"stat.mineBlock.minecraft.cobblestone":117,"stat.mineBlock.minecraft.yellow_flower":1,"stat.pickup.minecraft.leather_chestplate":1,"stat.craftItem.minecraft.stone_brick_stairs":60,"stat.mineBlock.minecraft.stained_glass_pane":6,"stat.pickup.zawa.animal_net":2,"stat.swimOneCm":181189,"stat.pickup.minecraft.enchanted_book":3,"stat.climbOneCm":3798,"stat.pickup.minecraft.cooked_porkchop":14,"stat.useItem.tombstone.tablet_of_recall":4,"stat.drop.minecraft.quartz":1,"stat.useItem.minecraft.dirt":170,"stat.useItem.minecraft.stone_slab2":130,"stat.craftItem.minecraft.furnace":2,"stat.useItem.minecraft.red_flower":4,"stat.useItem.fossil.cooked_egg":7,"stat.useItem.minecraft.egg":3,"stat.craftItem.minecraft.iron_boots":1,"stat.useItem.minecraft.iron_ore":6,"stat.craftItem.minecraft.stone_pickaxe":3,"stat.craftItem.minecraft.cooked_beef":14,"stat.mineBlock.minecraft.obsidian":10,"stat.pickup.minecraft.cobblestone":1122,"stat.pickup.minecraft.quartz_stairs":36,"stat.mineBlock.minecraft.carpet":2,"stat.craftItem.minecraft.bow":1,"stat.flyOneCm":1826512,"stat.craftItem.minecraft.glass_bottle":6,"stat.pickup.minecraft.sandstone":73,"stat.pickup.zawa.rhino_hide":2,"stat.pickup.minecraft.nether_brick_stairs":1,"stat.craftItem.zawa.waste_bin":1,"stat.pickup.minecraft.fish":5,"stat.drop.minecraft.wheat_seeds":2,"stat.craftItem.cfm.door_bell":1,"stat.useItem.minecraft.cooked_beef":14,"stat.craftItem.minecraft.wooden_slab":12,"stat.craftItem.minecraft.stained_glass":16,"stat.pickup.minecraft.redstone":130,"stat.mineBlock.minecraft.iron_ore":168,"stat.timeSinceDeath":533624,"stat.pickup.armorplus.lava_crystal":50,"stat.useItem.minecraft.wooden_slab":10,"stat.pickup.minecraft.mutton":18,"stat.useItem.minecraft.iron_door":1,"stat.craftItem.minecraft.stonebrick":148,"stat.useItem.minecraft.potato":18,"stat.mineBlock.minecraft.coal_block":4,"stat.pickup.minecraft.stonebrick":10,"stat.craftItem.securitycraft.taser":1,"stat.useItem.minecraft.cooked_porkchop":26,"stat.pickup.minecraft.carpet":8,"stat.mineBlock.minecraft.coal_ore":118,"stat.killEntity.Creeper":3,"stat.talkedToVillager":2,"stat.pickup.minecraft.string":23,"stat.pickup.tombstone.crafting_ingredient":25,"stat.craftItem.minecraft.stone_slab2":0,"stat.pickup.minecraft.sandstone_stairs":1,"stat.useItem.minecraft.written_book":1,"stat.killEntity.Squid":2,"stat.sprintOneCm":888257,"stat.craftItem.minecraft.wooden_axe":1,"stat.craftItem.minecraft.stick":52,"stat.drop.minecraft.potion":2,"stat.craftItem.minecraft.stone":103,"stat.craftItem.minecraft.gold_nugget":18,"stat.mineBlock.minecraft.diamond_ore":30,"stat.mineBlock.minecraft.crafting_table":11,"stat.craftItem.cfm.chair_birch":2,"stat.mineBlock.minecraft.quartz_block":6,"stat.useItem.minecraft.diamond_pickaxe":804,"stat.pickup.minecraft.golden_horse_armor":1,"stat.useItem.minecraft.wooden_shovel":64,"stat.pickup.minecraft.leather_leggings":2,"stat.useItem.minecraft.bucket":21,"stat.mineBlock.minecraft.planks":60,"stat.drop":25,"stat.pickup.securitycraft.mine":1,"stat.useItem.minecraft.wooden_sword":88,"stat.killEntity.Sheep":12,"stat.craftItem.minecraft.diamond_pickaxe":1,"stat.killEntity.Zombie":29,"stat.useItem.minecraft.birch_stairs":1,"stat.mineBlock.minecraft.gold_ore":28,"stat.diveOneCm":167470,"stat.drop.minecraft.diamond_pickaxe":1,"stat.pickup.minecraft.wheat":23,"stat.drop.minecraft.wooden_pickaxe":1,"stat.pickup.minecraft.gravel":3,"stat.craftItem.minecraft.cooked_porkchop":45,"stat.useItem.minecraft.glass_bottle":11,"stat.useItem.minecraft.apple":6,"stat.pickup.minecraft.obsidian":20,"stat.pickup.minecraft.stained_glass_pane":8,"stat.useItem.minecraft.carpet":5,"stat.useItem.minecraft.potion":7,"stat.useItem.minecraft.stained_glass_pane":31,"stat.drop.minecraft.cooked_porkchop":14,"stat.pickup.minecraft.stone_brick_stairs":21,"stat.jump":8565,"stat.useItem.minecraft.wooden_hoe":15,"stat.pickup.minecraft.coal":178,"stat.useItem.minecraft.stone_axe":30,"stat.craftItem.minecraft.bread":7,"stat.pickup.minecraft.gunpowder":6,"stat.pickup.minecraft.spider_eye":2,"stat.craftItem.minecraft.torch":96,"stat.pickup.minecraft.dirt":190,"stat.craftItem.minecraft.iron_helmet":1,"stat.drop.minecraft.bed":1,"stat.pickup.minecraft.iron_ore":163,"stat.pickup.leatherworks.rawhide_pig":24,"stat.drop.zawa.animal_net":1,"stat.useItem.minecraft.glass":10,"stat.pickup.leatherworks.rawhide_cow":9,"stat.mineBlock.minecraft.iron_bars":6,"stat.pickup.minecraft.gold_ore":28,"stat.useItem.minecraft.sapling":18,"stat.mineBlock.minecraft.lapis_ore":9,"stat.pickup.minecraft.iron_axe":1,"stat.mineBlock.minecraft.leaves2":1,"stat.brewingstandInteraction":25,"stat.damageTaken":7149,"stat.pickup.minecraft.leather":6,"stat.useItem.minecraft.stone_brick_stairs":62,"stat.mineBlock.minecraft.torch":67,"stat.mineBlock.minecraft.furnace":3,"stat.mineBlock.minecraft.red_flower":2,"stat.useItem.minecraft.wooden_pickaxe":12,"stat.drop.minecraft.water_bucket":1,"stat.mineBlock.minecraft.sapling":3,"stat.pickup.minecraft.log2":14,"stat.mineBlock.minecraft.sandstone_stairs":2,"stat.craftItem.securitycraft.keypad_frame":1,"stat.pickup.leatherworks.broken_leather_chestplate":1,"stat.entityKilledBy.ZombieVillager":2,"stat.useItem.customnpcs.npcwand":1,"stat.cauldronUsed":4,"stat.pickup.minecraft.bed":4,"stat.pickup.minecraft.quartz_block":12,"stat.pickup.minecraft.potato":24,"stat.pickup.minecraft.oak_stairs":6,"stat.entityKilledBy.Zombie":2,"stat.pickup.minecraft.diamond_axe":1,"stat.useItem.mo_swords.firesword":8,"stat.pickup.minecraft.stained_glass":4,"stat.damageDealt":16384,"stat.craftItem.minecraft.glass":7,"stat.sleepInBed":21,"stat.killEntity.Cow":7,"stat.killEntity.Pig":22,"stat.walkOneCm":1531384,"stat.playerKills":3,"stat.useItem.minecraft.chest":2,"stat.pickup.minecraft.stick":6,"stat.pickup.minecraft.stone":164,"stat.craftItem.minecraft.iron_chestplate":1,"stat.craftItem.securitycraft.cobblestone_mine":1,"stat.mineBlock.minecraft.wool":1,"stat.drop.minecraft.potato":4,"stat.pickup.minecraft.ender_pearl":1,"stat.pickup.minecraft.gold_ingot":4,"stat.killEntity.Skeleton":6,"stat.craftItem.minecraft.stained_glass_pane":32,"stat.mineBlock.minecraft.stonebrick":9,"stat.killEntity.Chicken":1,"stat.killEntity.Spider":4,"stat.mineBlock.minecraft.quartz_ore":17,"stat.mobKills":101,"stat.pickup.minecraft.quartz":17,"stat.drop.minecraft.written_book":1,"stat.pickup.minecraft.water_bucket":1,"stat.pickup.minecraft.diamond":28,"stat.mineBlock.minecraft.leaves":151,"stat.pickup.minecraft.torch":72,"stat.mineBlock.minecraft.redstone_ore":45,"stat.drop.minecraft.beef":1,"stat.mineBlock.minecraft.stone":1131,"stat.useItem.minecraft.sandstone":65}