{"stat.pickup.dynamictrees.acaciaseed":2,"stat.useItem.minecraft.iron_axe":72,"stat.leaveGame":6,"stat.pickup.minecraft.leather_chestplate":1,"stat.mineBlock.minecraft.sandstone":65,"stat.swimOneCm":1871,"stat.pickup.minecraft.porkchop":45,"stat.useItem.minecraft.stone_slab2":20,"stat.pickup.minecraft.rotten_flesh":17,"stat.craftItem.minecraft.stone_axe":1,"stat.craftItem.minecraft.stone_pickaxe":2,"stat.pickup.minecraft.cobblestone":68,"stat.pickup.minecraft.quartz_stairs":18,"stat.pickup.minecraft.leather_boots":1,"stat.flyOneCm":91900,"stat.pickup.minecraft.sandstone":60,"stat.pickup.minecraft.chainmail_chestplate":1,"stat.drop.minecraft.wheat_seeds":1,"stat.mineBlock.minecraft.iron_ore":14,"stat.timeSinceDeath":8075,"stat.craftItem.minecraft.wooden_pickaxe":1,"stat.pickup.minecraft.mutton":9,"stat.killEntity.ZombieVillager":2,"stat.mineBlock.minecraft.coal_ore":4,"stat.killEntity.Creeper":1,"stat.pickup.minecraft.string":1,"stat.pickup.minecraft.beef":1,"stat.pickup.tombstone.crafting_ingredient":9,"stat.pickup.minecraft.leather_helmet":1,"stat.pickup.minecraft.sandstone_stairs":1,"stat.sprintOneCm":60009,"stat.craftItem.minecraft.wooden_axe":1,"stat.craftItem.minecraft.stick":8,"stat.drop.minecraft.potion":1,"stat.useItem.minecraft.wheat_seeds":3,"stat.mineBlock.minecraft.crafting_table":5,"stat.killEntity.Husk":1,"stat.mineBlock.minecraft.quartz_block":5,"stat.pickup.minecraft.leather_leggings":2,"stat.deaths":4,"stat.drop":4,"stat.playOneMinute":69402,"stat.useItem.minecraft.wooden_sword":88,"stat.killEntity.Sheep":6,"stat.killEntity.Zombie":18,"stat.pickup.minecraft.iron_bars":5,"stat.mineBlock.minecraft.tallgrass":30,"stat.diveOneCm":5958,"stat.pickup.minecraft.wheat":23,"stat.chestOpened":3,"stat.useItem.minecraft.stone":1,"stat.drop.minecraft.wooden_pickaxe":1,"stat.jump":631,"stat.pickup.minecraft.coal":5,"stat.fallOneCm":11147,"stat.useItem.minecraft.stone_axe":30,"stat.craftItem.minecraft.bread":7,"stat.crouchOneCm":76163,"stat.pickup.minecraft.spider_eye":1,"stat.craftItem.minecraft.torch":8,"stat.pickup.minecraft.dirt":4,"stat.craftingTableInteraction":6,"stat.pickup.minecraft.iron_ore":14,"stat.pickup.leatherworks.rawhide_pig":12,"stat.mineBlock.minecraft.iron_bars":4,"stat.pickup.minecraft.iron_axe":1,"stat.mineBlock.minecraft.log2":7,"stat.damageTaken":2085,"stat.mineBlock.minecraft.torch":8,"stat.useItem.minecraft.wooden_pickaxe":12,"stat.craftItem.minecraft.wooden_sword":1,"stat.pickup.minecraft.log2":14,"stat.mineBlock.minecraft.sandstone_stairs":2,"stat.pickup.leatherworks.broken_leather_chestplate":1,"stat.entityKilledBy.ZombieVillager":2,"stat.pickup.minecraft.wheat_seeds":50,"stat.pickup.minecraft.quartz_block":5,"stat.pickup.minecraft.potato":19,"stat.entityKilledBy.Zombie":2,"stat.pickup.minecraft.diamond_axe":1,"stat.useItem.minecraft.stone_pickaxe":189,"stat.damageDealt":8012,"stat.useItem.minecraft.wool":1,"stat.killEntity.Cow":1,"stat.mineBlock.minecraft.dirt":4,"stat.killEntity.Pig":22,"stat.pickup.minecraft.chainmail_boots":2,"stat.useItem.minecraft.iron_bars":1,"stat.mineBlock.minecraft.quartz_stairs":19,"stat.walkOneCm":201493,"stat.useItem.minecraft.bread":17,"stat.useItem.minecraft.torch":4,"stat.pickup.minecraft.stick":6,"stat.pickup.minecraft.crafting_table":4,"stat.useItem.minecraft.cobblestone":4,"stat.craftItem.minecraft.crafting_table":2,"stat.mineBlock.minecraft.double_plant":2,"stat.pickup.minecraft.stone":10,"stat.mineBlock.minecraft.wool":1,"stat.pickup.minecraft.chainmail_leggings":1,"stat.killEntity.Skeleton":1,"stat.craftItem.minecraft.planks":52,"stat.killEntity.Spider":1,"stat.mobKills":52,"stat.pickup.leatherworks.broken_leather_boots":2,"stat.mineBlock.minecraft.leaves":1,"stat.pickup.minecraft.torch":7,"stat.sneakTime":18479,"stat.pickup.minecraft.wool":7,"stat.drop.minecraft.beef":1,"stat.useItem.minecraft.wooden_axe":37,"stat.mineBlock.minecraft.stone":85,"stat.useItem.minecraft.sandstone":50}