{"stat.leaveGame":11,"stat.mineBlock.minecraft.sandstone":68,"stat.pickup.minecraft.porkchop":45,"stat.pickup.minecraft.glass":11,"stat.pickup.minecraft.blaze_powder":1,"stat.pickup.minecraft.rotten_flesh":27,"stat.pickup.minecraft.sand":15,"stat.craftItem.minecraft.stone_axe":1,"stat.pickup.minecraft.leather_boots":1,"stat.pickup.minecraft.chainmail_chestplate":1,"stat.useItem.minecraft.iron_pickaxe":251,"stat.useItem.minecraft.spawn_egg":1,"stat.craftItem.minecraft.wooden_pickaxe":1,"stat.furnaceInteraction":20,"stat.killEntity.ZombieVillager":2,"stat.pickup.minecraft.beef":7,"stat.pickup.minecraft.furnace":2,"stat.pickup.zawa.large_meat_raw":2,"stat.pickup.minecraft.leather_helmet":1,"stat.pickup.minecraft.cauldron":1,"stat.useItem.minecraft.wheat_seeds":3,"stat.killEntity.Husk":2,"stat.deaths":4,"stat.playOneMinute":273646,"stat.craftItem.minecraft.iron_pickaxe":1,"stat.pickup.minecraft.iron_bars":5,"stat.drop.minecraft.glass_bottle":4,"stat.mineBlock.minecraft.tallgrass":43,"stat.chestOpened":21,"stat.useItem.minecraft.stone":1,"stat.pickup.minecraft.arrow":2,"stat.fallOneCm":42695,"stat.crouchOneCm":175513,"stat.craftItem.minecraft.iron_ingot":6,"stat.craftingTableInteraction":19,"stat.mineBlock.minecraft.log2":7,"stat.pickup.minecraft.feather":2,"stat.mineBlock.armorplus.ore_lava_crystal":15,"stat.craftItem.minecraft.wooden_sword":1,"stat.pickup.minecraft.dye":54,"stat.pickup.minecraft.planks":3,"stat.pickup.minecraft.wheat_seeds":51,"stat.useItem.minecraft.stone_pickaxe":327,"stat.useItem.minecraft.wool":1,"stat.mineBlock.minecraft.dirt":15,"stat.pickup.minecraft.chainmail_boots":2,"stat.useItem.minecraft.iron_bars":1,"stat.mineBlock.minecraft.quartz_stairs":19,"stat.useItem.minecraft.bread":17,"stat.useItem.minecraft.torch":42,"stat.pickup.minecraft.brewing_stand":1,"stat.pickup.minecraft.golden_apple":1,"stat.pickup.minecraft.crafting_table":7,"stat.useItem.minecraft.cobblestone":111,"stat.craftItem.minecraft.crafting_table":2,"stat.mineBlock.minecraft.double_plant":3,"stat.pickup.minecraft.chicken":1,"stat.pickup.minecraft.chainmail_leggings":1,"stat.pickup.minecraft.coal_block":4,"stat.craftItem.minecraft.planks":52,"stat.useItem.minecraft.iron_sword":25,"stat.pickup.leatherworks.broken_leather_boots":2,"stat.sneakTime":43428,"stat.pickup.minecraft.wool":12,"stat.useItem.minecraft.wooden_axe":37,"stat.drop.minecraft.stone_pickaxe":1,"stat.pickup.minecraft.bone":21,"stat.pickup.minecraft.stone_pressure_plate":2,"stat.useItem.minecraft.iron_axe":99,"stat.mineBlock.minecraft.cobblestone":14,"stat.pickup.minecraft.leather_chestplate":1,"stat.swimOneCm":95369,"stat.pickup.minecraft.enchanted_book":1,"stat.pickup.minecraft.cooked_porkchop":14,"stat.useItem.tombstone.tablet_of_recall":4,"stat.drop.minecraft.quartz":1,"stat.useItem.minecraft.dirt":3,"stat.useItem.minecraft.stone_slab2":37,"stat.craftItem.minecraft.furnace":1,"stat.craftItem.minecraft.stone_pickaxe":3,"stat.mineBlock.minecraft.obsidian":10,"stat.pickup.minecraft.cobblestone":267,"stat.pickup.minecraft.quartz_stairs":18,"stat.flyOneCm":597154,"stat.craftItem.minecraft.glass_bottle":6,"stat.pickup.minecraft.sandstone":73,"stat.pickup.zawa.rhino_hide":2,"stat.pickup.minecraft.nether_brick_stairs":1,"stat.drop.minecraft.wheat_seeds":1,"stat.pickup.minecraft.redstone":28,"stat.mineBlock.minecraft.iron_ore":107,"stat.timeSinceDeath":212319,"stat.pickup.armorplus.lava_crystal":14,"stat.pickup.minecraft.mutton":16,"stat.mineBlock.minecraft.coal_block":4,"stat.useItem.minecraft.cooked_porkchop":11,"stat.mineBlock.minecraft.coal_ore":68,"stat.killEntity.Creeper":1,"stat.pickup.minecraft.string":7,"stat.pickup.tombstone.crafting_ingredient":11,"stat.craftItem.minecraft.stone_slab2":0,"stat.pickup.minecraft.sandstone_stairs":1,"stat.useItem.minecraft.written_book":1,"stat.sprintOneCm":234757,"stat.craftItem.minecraft.wooden_axe":1,"stat.craftItem.minecraft.stick":8,"stat.drop.minecraft.potion":2,"stat.mineBlock.minecraft.diamond_ore":21,"stat.mineBlock.minecraft.crafting_table":9,"stat.mineBlock.minecraft.quartz_block":5,"stat.useItem.minecraft.diamond_pickaxe":41,"stat.pickup.minecraft.golden_horse_armor":1,"stat.pickup.minecraft.leather_leggings":2,"stat.mineBlock.minecraft.planks":3,"stat.drop":14,"stat.useItem.minecraft.wooden_sword":88,"stat.killEntity.Sheep":11,"stat.craftItem.minecraft.diamond_pickaxe":1,"stat.killEntity.Zombie":18,"stat.mineBlock.minecraft.gold_ore":9,"stat.diveOneCm":106387,"stat.drop.minecraft.diamond_pickaxe":1,"stat.pickup.minecraft.wheat":23,"stat.drop.minecraft.wooden_pickaxe":1,"stat.craftItem.minecraft.cooked_porkchop":33,"stat.useItem.minecraft.glass_bottle":11,"stat.pickup.minecraft.obsidian":10,"stat.useItem.minecraft.potion":7,"stat.drop.minecraft.cooked_porkchop":14,"stat.jump":2540,"stat.pickup.minecraft.coal":128,"stat.useItem.minecraft.stone_axe":30,"stat.craftItem.minecraft.bread":7,"stat.pickup.minecraft.gunpowder":4,"stat.pickup.minecraft.spider_eye":1,"stat.craftItem.minecraft.torch":8,"stat.pickup.minecraft.dirt":14,"stat.pickup.minecraft.iron_ore":103,"stat.pickup.leatherworks.rawhide_pig":12,"stat.useItem.minecraft.glass":9,"stat.pickup.leatherworks.rawhide_cow":1,"stat.mineBlock.minecraft.iron_bars":4,"stat.pickup.minecraft.gold_ore":9,"stat.mineBlock.minecraft.lapis_ore":9,"stat.pickup.minecraft.iron_axe":1,"stat.mineBlock.minecraft.leaves2":1,"stat.brewingstandInteraction":21,"stat.damageTaken":3389,"stat.mineBlock.minecraft.torch":39,"stat.mineBlock.minecraft.furnace":2,"stat.useItem.minecraft.wooden_pickaxe":12,"stat.pickup.minecraft.log2":14,"stat.mineBlock.minecraft.sandstone_stairs":2,"stat.pickup.leatherworks.broken_leather_chestplate":1,"stat.entityKilledBy.ZombieVillager":2,"stat.cauldronUsed":4,"stat.pickup.minecraft.quartz_block":5,"stat.pickup.minecraft.potato":19,"stat.entityKilledBy.Zombie":2,"stat.pickup.minecraft.diamond_axe":1,"stat.useItem.mo_swords.firesword":8,"stat.damageDealt":10096,"stat.craftItem.minecraft.glass":7,"stat.killEntity.Cow":3,"stat.killEntity.Pig":22,"stat.walkOneCm":437919,"stat.pickup.minecraft.stick":6,"stat.pickup.minecraft.stone":11,"stat.mineBlock.minecraft.wool":1,"stat.pickup.minecraft.gold_ingot":4,"stat.killEntity.Skeleton":1,"stat.killEntity.Chicken":1,"stat.killEntity.Spider":1,"stat.mineBlock.minecraft.quartz_ore":17,"stat.mobKills":65,"stat.pickup.minecraft.quartz":17,"stat.drop.minecraft.written_book":1,"stat.pickup.minecraft.diamond":19,"stat.mineBlock.minecraft.leaves":1,"stat.pickup.minecraft.torch":38,"stat.mineBlock.minecraft.redstone_ore":7,"stat.drop.minecraft.beef":1,"stat.mineBlock.minecraft.stone":231,"stat.useItem.minecraft.sandstone":65}