{"stat.chestOpened":5,"stat.drop.minecraft.stone_pickaxe":1,"stat.leaveGame":3,"stat.pickup.minecraft.gravel":5,"stat.pickup.minecraft.stone_pickaxe":1,"stat.useItem.minecraft.potion":1,"stat.mineBlock.minecraft.sandstone":54,"stat.swimOneCm":1621,"stat.jump":466,"stat.pickup.minecraft.coal":16,"stat.fallOneCm":3970,"stat.useItem.minecraft.planks":5,"stat.pickup.minecraft.carrot":9,"stat.useItem.minecraft.stone_axe":66,"stat.drop.minecraft.stone_sword":1,"stat.pickup.minecraft.gunpowder":2,"stat.crouchOneCm":931,"stat.useItem.minecraft.stone_slab2":17,"stat.pickup.minecraft.iron_boots":1,"stat.craftingTableInteraction":6,"stat.pickup.minecraft.iron_ore":6,"stat.pickup.minecraft.rotten_flesh":21,"stat.mineBlock.minecraft.iron_bars":2,"stat.craftItem.minecraft.stone_axe":1,"stat.mineBlock.minecraft.leaves2":4,"stat.mineBlock.minecraft.log2":12,"stat.damageTaken":1808,"stat.craftItem.minecraft.stone_pickaxe":2,"stat.mineBlock.minecraft.torch":4,"stat.useItem.minecraft.wooden_pickaxe":11,"stat.pickup.minecraft.cobblestone":70,"stat.craftItem.minecraft.wooden_sword":1,"stat.pickup.minecraft.quartz_stairs":18,"stat.pickup.minecraft.log2":12,"stat.pickup.minecraft.leather_boots":4,"stat.mineBlock.minecraft.sandstone_stairs":3,"stat.pickup.minecraft.planks":2,"stat.entityKilledBy.ZombieVillager":3,"stat.craftItem.minecraft.stone_sword":1,"stat.flyOneCm":6730,"stat.pickup.minecraft.sandstone":48,"stat.pickup.minecraft.wheat_seeds":12,"stat.entityKilledBy.Zombie":1,"stat.mineBlock.minecraft.gravel":6,"stat.useItem.minecraft.stone_pickaxe":176,"stat.useItem.minecraft.stone_sword":34,"stat.damageDealt":4675,"stat.pickup.zawa.bush_meat_raw":1,"stat.mineBlock.minecraft.iron_ore":7,"stat.timeSinceDeath":10732,"stat.craftItem.minecraft.wooden_pickaxe":1,"stat.pickup.minecraft.mutton":1,"stat.drop.minecraft.iron_axe":1,"stat.mineBlock.minecraft.quartz_stairs":17,"stat.walkOneCm":361089,"stat.useItem.minecraft.bread":10,"stat.useItem.minecraft.torch":3,"stat.pickup.minecraft.crafting_table":2,"stat.useItem.minecraft.cobblestone":59,"stat.craftItem.minecraft.crafting_table":1,"stat.useItem.minecraft.gravel":5,"stat.mineBlock.minecraft.double_plant":1,"stat.mineBlock.minecraft.coal_ore":17,"stat.killEntity.Creeper":1,"stat.talkedToVillager":5,"stat.pickup.minecraft.string":1,"stat.pickup.minecraft.stone":1,"stat.pickup.minecraft.sandstone_stairs":3,"stat.pickup.minecraft.sapling":1,"stat.sprintOneCm":2237,"stat.craftItem.minecraft.wooden_axe":2,"stat.craftItem.minecraft.stick":16,"stat.pickup.minecraft.beetroot":5,"stat.craftItem.minecraft.planks":48,"stat.useItem.minecraft.iron_sword":33,"stat.pickup.minecraft.potion":1,"stat.killEntity.Spider":1,"stat.mineBlock.minecraft.crafting_table":1,"stat.pickup.minecraft.bread":10,"stat.pickup.minecraft.stone_sword":1,"stat.mineBlock.minecraft.quartz_block":2,"stat.mobKills":19,"stat.pickup.minecraft.leather_leggings":4,"stat.pickup.leatherworks.broken_leather_boots":1,"stat.mineBlock.minecraft.planks":2,"stat.deaths":4,"stat.pickup.zawa.fur":6,"stat.drop":3,"stat.pickup.minecraft.beetroot_seeds":16,"stat.playOneMinute":66328,"stat.useItem.minecraft.wooden_sword":75,"stat.pickup.minecraft.torch":6,"stat.killEntity.Sheep":1,"stat.sneakTime":878,"stat.pickup.minecraft.wool":8,"stat.killEntity.Zombie":14,"stat.pickup.minecraft.iron_bars":2,"stat.useItem.minecraft.wooden_axe":9,"stat.mineBlock.minecraft.stone":72,"stat.mineBlock.minecraft.tallgrass":23,"stat.useItem.minecraft.beetroot":5,"stat.diveOneCm":852,"stat.pickup.minecraft.wheat":3,"stat.useItem.minecraft.sandstone":43}