{"stat.drop.minecraft.stone_pickaxe":1,"stat.leaveGame":24,"stat.mineBlock.minecraft.cobblestone":14,"stat.pickup.minecraft.stone_pickaxe":1,"stat.useItem.minecraft.soul_sand":1,"stat.drop.minecraft.redstone":1,"stat.mineBlock.minecraft.sandstone":55,"stat.swimOneCm":77119,"stat.useItem.minecraft.planks":5,"stat.pickup.minecraft.enchanted_book":2,"stat.pickup.minecraft.cooked_porkchop":19,"stat.pickup.minecraft.glass":11,"stat.useItem.minecraft.dirt":8,"stat.useItem.minecraft.stone_slab2":31,"stat.pickup.minecraft.iron_boots":1,"stat.pickup.minecraft.rotten_flesh":23,"stat.craftItem.minecraft.furnace":1,"stat.craftItem.minecraft.stone_axe":1,"stat.drop.minecraft.leather_boots":1,"stat.craftItem.minecraft.stone_pickaxe":3,"stat.mineBlock.minecraft.obsidian":10,"stat.pickup.minecraft.cobblestone":183,"stat.pickup.minecraft.quartz_stairs":18,"stat.useItem.zawa.bush_meat_raw":1,"stat.pickup.minecraft.leather_boots":5,"stat.mineBlock.minecraft.redstone_block":4,"stat.craftItem.minecraft.stone_sword":1,"stat.flyOneCm":21473,"stat.pickup.minecraft.sandstone":49,"stat.pickup.minecraft.soul_sand":2,"stat.pickup.minecraft.nether_brick_stairs":1,"stat.mineBlock.minecraft.sand":1,"stat.pickup.minecraft.redstone":65,"stat.mineBlock.minecraft.iron_ore":105,"stat.timeSinceDeath":122855,"stat.pickup.armorplus.lava_crystal":8,"stat.useItem.minecraft.iron_pickaxe":216,"stat.drop.minecraft.sandstone_stairs":3,"stat.craftItem.minecraft.wooden_pickaxe":1,"stat.pickup.minecraft.mutton":1,"stat.mineBlock.minecraft.coal_block":4,"stat.pickup.minecraft.nether_wart":18,"stat.furnaceInteraction":9,"stat.useItem.minecraft.cooked_porkchop":10,"stat.mineBlock.minecraft.coal_ore":63,"stat.mineBlock.minecraft.nether_brick":3,"stat.killEntity.Creeper":1,"stat.talkedToVillager":5,"stat.pickup.minecraft.nether_brick":3,"stat.pickup.minecraft.string":2,"stat.pickup.minecraft.furnace":1,"stat.craftItem.minecraft.stone_slab2":0,"stat.pickup.minecraft.sandstone_stairs":3,"stat.sprintOneCm":81285,"stat.craftItem.minecraft.wooden_axe":2,"stat.craftItem.minecraft.stick":20,"stat.pickup.minecraft.potion":4,"stat.mineBlock.minecraft.diamond_ore":4,"stat.mineBlock.minecraft.crafting_table":2,"stat.killEntity.Husk":2,"stat.mineBlock.minecraft.quartz_block":2,"stat.useItem.minecraft.diamond_pickaxe":61,"stat.pickup.minecraft.leather_leggings":4,"stat.mineBlock.minecraft.soul_sand":2,"stat.mineBlock.minecraft.planks":2,"stat.deaths":6,"stat.pickup.zawa.fur":6,"stat.drop":16,"stat.playOneMinute":227935,"stat.useItem.minecraft.wooden_sword":75,"stat.killEntity.Sheep":1,"stat.craftItem.minecraft.iron_pickaxe":1,"stat.killEntity.Zombie":14,"stat.pickup.minecraft.iron_bars":2,"stat.drop.minecraft.glass_bottle":3,"stat.mineBlock.minecraft.gold_ore":31,"stat.mineBlock.minecraft.tallgrass":29,"stat.craftItem.minecraft.cooked_mutton":1,"stat.pickup.minecraft.netherrack":24,"stat.diveOneCm":99102,"stat.pickup.minecraft.wheat":6,"stat.pickup.minecraft.cooked_mutton":1,"stat.chestOpened":19,"stat.useItem.minecraft.stone":12,"stat.craftItem.armorplus.workbench":1,"stat.mineBlock.minecraft.netherrack":13,"stat.pickup.minecraft.gravel":5,"stat.pickup.minecraft.arrow":2,"stat.pickup.minecraft.obsidian":10,"stat.useItem.minecraft.potion":5,"stat.drop.minecraft.cooked_porkchop":1,"stat.jump":1813,"stat.pickup.minecraft.coal":99,"stat.fallOneCm":24058,"stat.pickup.minecraft.carrot":15,"stat.useItem.minecraft.stone_axe":66,"stat.drop.minecraft.stone_sword":1,"stat.pickup.minecraft.gunpowder":2,"stat.crouchOneCm":4413,"stat.pickup.minecraft.spider_eye":1,"stat.craftItem.minecraft.torch":8,"stat.craftItem.minecraft.iron_ingot":3,"stat.pickup.minecraft.dirt":10,"stat.craftingTableInteraction":17,"stat.pickup.minecraft.iron_ore":107,"stat.useItem.minecraft.glass":9,"stat.mineBlock.minecraft.iron_bars":2,"stat.pickup.minecraft.gold_ore":30,"stat.mineBlock.minecraft.lapis_ore":7,"stat.mineBlock.minecraft.leaves2":5,"stat.mineBlock.minecraft.log2":12,"stat.brewingstandInteraction":15,"stat.damageTaken":4016,"stat.mineBlock.minecraft.torch":21,"stat.mineBlock.minecraft.furnace":1,"stat.useItem.minecraft.wooden_pickaxe":11,"stat.mineBlock.armorplus.ore_lava_crystal":7,"stat.craftItem.minecraft.wooden_sword":1,"stat.pickup.minecraft.log2":12,"stat.mineBlock.minecraft.sandstone_stairs":3,"stat.pickup.minecraft.dye":45,"stat.pickup.minecraft.planks":2,"stat.entityKilledBy.ZombieVillager":3,"stat.pickup.minecraft.wheat_seeds":12,"stat.entityKilledBy.Zombie":1,"stat.mineBlock.minecraft.gravel":6,"stat.useItem.minecraft.stone_pickaxe":337,"stat.useItem.minecraft.stone_sword":34,"stat.damageDealt":5740,"stat.pickup.zawa.bush_meat_raw":1,"stat.mineBlock.minecraft.nether_brick_stairs":1,"stat.mineBlock.minecraft.dirt":13,"stat.drop.minecraft.iron_axe":1,"stat.mineBlock.minecraft.quartz_stairs":17,"stat.walkOneCm":839521,"stat.useItem.minecraft.bread":10,"stat.useItem.minecraft.torch":24,"stat.drop.minecraft.wheat":3,"stat.pickup.minecraft.diamond_pickaxe":1,"stat.pickup.minecraft.crafting_table":5,"stat.useItem.minecraft.cobblestone":160,"stat.craftItem.minecraft.crafting_table":3,"stat.useItem.minecraft.gravel":5,"stat.mineBlock.minecraft.double_plant":1,"stat.pickup.minecraft.redstone_block":3,"stat.pickup.minecraft.stone":30,"stat.drop.minecraft.sapling":1,"stat.pickup.minecraft.sapling":1,"stat.pickup.minecraft.beetroot":5,"stat.pickup.minecraft.coal_block":3,"stat.craftItem.minecraft.planks":48,"stat.useItem.minecraft.iron_sword":66,"stat.killEntity.Spider":3,"stat.pickup.minecraft.bread":10,"stat.pickup.minecraft.stone_sword":1,"stat.mineBlock.minecraft.quartz_ore":22,"stat.mobKills":23,"stat.pickup.minecraft.quartz":21,"stat.pickup.leatherworks.broken_leather_boots":1,"stat.pickup.minecraft.diamond":6,"stat.pickup.minecraft.beetroot_seeds":16,"stat.pickup.minecraft.torch":25,"stat.mineBlock.minecraft.redstone_ore":14,"stat.sneakTime":2256,"stat.pickup.minecraft.wool":8,"stat.craftItem.minecraft.coal_block":3,"stat.useItem.minecraft.wooden_axe":9,"stat.mineBlock.minecraft.stone":209,"stat.useItem.minecraft.beetroot":5,"stat.useItem.minecraft.sandstone":45}