{"stat.leaveGame":77,"stat.useItem.minecraft.soul_sand":1,"stat.craftItem.minecraft.iron_axe":1,"stat.drop.minecraft.redstone":1,"stat.mineBlock.minecraft.sandstone":55,"stat.drop.minecraft.trapdoor":2,"stat.useItem.minecraft.planks":182,"stat.pickup.minecraft.porkchop":8,"stat.pickup.minecraft.glass":44,"stat.useItem.minecraft.water_bucket":9,"stat.mineBlock.minecraft.stone_brick_stairs":4,"stat.pickup.minecraft.rotten_flesh":25,"stat.pickup.minecraft.sand":68,"stat.craftItem.minecraft.stone_axe":2,"stat.drop.minecraft.leather_boots":1,"stat.pickup.minecraft.leather_boots":5,"stat.craftItem.minecraft.stone_sword":1,"stat.craftItem.minecraft.iron_shovel":1,"stat.mineBlock.minecraft.sand":70,"stat.useItem.minecraft.iron_pickaxe":253,"stat.drop.minecraft.sandstone_stairs":3,"stat.craftItem.minecraft.wooden_pickaxe":1,"stat.useItem.minecraft.iron_shovel":80,"stat.drop.minecraft.wooden_shovel":16,"stat.pickup.minecraft.wooden_shovel":19,"stat.furnaceInteraction":55,"stat.pickup.minecraft.nether_brick":3,"stat.drop.minecraft.red_flower":2,"stat.pickup.minecraft.furnace":3,"stat.useItem.minecraft.trapdoor":1,"stat.useItem.minecraft.stone_stairs":2,"stat.pickup.minecraft.potion":4,"stat.useItem.minecraft.wheat_seeds":7,"stat.killEntity.Husk":2,"stat.mineBlock.minecraft.soul_sand":2,"stat.mineBlock.minecraft.oak_stairs":1,"stat.deaths":15,"stat.pickup.zawa.fur":6,"stat.pickup.minecraft.egg":4,"stat.playOneMinute":630432,"stat.craftItem.minecraft.iron_pickaxe":1,"stat.pickup.minecraft.iron_bars":2,"stat.drop.minecraft.glass_bottle":3,"stat.mineBlock.minecraft.tallgrass":72,"stat.craftItem.minecraft.cooked_mutton":1,"stat.pickup.minecraft.netherrack":24,"stat.fishCaught":8,"stat.pickup.minecraft.cooked_mutton":1,"stat.chestOpened":59,"stat.useItem.minecraft.stone":12,"stat.craftItem.armorplus.workbench":1,"stat.mineBlock.minecraft.netherrack":13,"stat.pickup.minecraft.arrow":4,"stat.craftItem.minecraft.iron_hoe":1,"stat.fallOneCm":61949,"stat.pickup.minecraft.carrot":60,"stat.drop.minecraft.stone_sword":1,"stat.crouchOneCm":13073,"stat.craftItem.minecraft.iron_ingot":89,"stat.craftItem.minecraft.chest":2,"stat.useItem.minecraft.iron_hoe":9,"stat.craftingTableInteraction":73,"stat.mineBlock.minecraft.log2":12,"stat.pickup.minecraft.feather":41,"stat.craftItem.fossil.cooked_egg":16,"stat.mineBlock.armorplus.ore_lava_crystal":7,"stat.craftItem.minecraft.wooden_sword":1,"stat.pickup.minecraft.dye":51,"stat.pickup.minecraft.planks":93,"stat.pickup.minecraft.wheat_seeds":38,"stat.mineBlock.minecraft.gravel":7,"stat.useItem.minecraft.stone_pickaxe":391,"stat.mineBlock.minecraft.glass":1,"stat.useItem.minecraft.stone_sword":34,"stat.craftItem.minecraft.iron_leggings":1,"stat.pickup.zawa.bush_meat_raw":1,"stat.mineBlock.minecraft.dirt":117,"stat.drop.minecraft.iron_axe":1,"stat.mineBlock.minecraft.quartz_stairs":17,"stat.useItem.minecraft.bread":25,"stat.useItem.minecraft.torch":33,"stat.craftItem.minecraft.stone_stairs":4,"stat.pickup.minecraft.crafting_table":7,"stat.useItem.minecraft.log":24,"stat.useItem.minecraft.cobblestone":257,"stat.craftItem.minecraft.crafting_table":6,"stat.useItem.minecraft.gravel":5,"stat.pickup.zawa.iron_wall_lamp":2,"stat.mineBlock.minecraft.double_plant":2,"stat.pickup.minecraft.redstone_block":3,"stat.pickup.minecraft.log":144,"stat.pickup.minecraft.iron_pickaxe":1,"stat.pickup.zawa.bamboo":1,"stat.craftItem.minecraft.gold_ingot":39,"stat.drop.minecraft.sapling":1,"stat.pickup.minecraft.chicken":35,"stat.pickup.minecraft.sapling":12,"stat.entityKilledBy.Enderman":2,"stat.pickup.minecraft.apple":1,"stat.pickup.minecraft.beetroot":5,"stat.pickup.minecraft.coal_block":3,"stat.craftItem.minecraft.bucket":1,"stat.craftItem.minecraft.planks":268,"stat.useItem.minecraft.iron_sword":263,"stat.pickup.minecraft.stone_sword":1,"stat.craftItem.minecraft.fishing_rod":2,"stat.useItem.minecraft.stonebrick":53,"stat.mineBlock.minecraft.log":94,"stat.pickup.leatherworks.broken_leather_boots":1,"stat.craftItem.minecraft.cooked_chicken":8,"stat.pickup.minecraft.iron_door":2,"stat.pickup.minecraft.red_flower":3,"stat.sneakTime":6301,"stat.pickup.minecraft.wool":11,"stat.pickup.minecraft.cooked_fish":3,"stat.useItem.minecraft.wooden_axe":9,"stat.useItem.minecraft.beetroot":5,"stat.drop.minecraft.wooden_axe":2,"stat.useItem.minecraft.fishing_rod":23,"stat.drop.minecraft.stone_pickaxe":1,"stat.useItem.minecraft.iron_axe":237,"stat.mineBlock.minecraft.cobblestone":52,"stat.mineBlock.minecraft.pumpkin":1,"stat.pickup.minecraft.stone_pickaxe":1,"stat.craftItem.minecraft.stone_brick_stairs":20,"stat.mineBlock.minecraft.stained_glass_pane":41,"stat.pickup.zawa.animal_net":1,"stat.swimOneCm":108091,"stat.pickup.minecraft.enchanted_book":2,"stat.climbOneCm":1036,"stat.pickup.minecraft.cooked_porkchop":20,"stat.useItem.minecraft.dirt":135,"stat.useItem.minecraft.stone_slab2":88,"stat.pickup.minecraft.bow":1,"stat.pickup.minecraft.iron_boots":1,"stat.craftItem.minecraft.furnace":1,"stat.useItem.fossil.cooked_egg":3,"stat.useItem.minecraft.egg":1,"stat.craftItem.minecraft.iron_boots":1,"stat.craftItem.minecraft.trapdoor":2,"stat.craftItem.minecraft.stone_pickaxe":3,"stat.mineBlock.minecraft.obsidian":10,"stat.pickup.minecraft.cobblestone":547,"stat.pickup.minecraft.quartz_stairs":18,"stat.useItem.zawa.bush_meat_raw":1,"stat.mineBlock.minecraft.redstone_block":4,"stat.flyOneCm":63122,"stat.pickup.minecraft.sandstone":49,"stat.pickup.minecraft.soul_sand":2,"stat.pickup.minecraft.nether_brick_stairs":1,"stat.pickup.minecraft.fish":9,"stat.drop.minecraft.wheat_seeds":14,"stat.craftItem.minecraft.stained_glass":32,"stat.pickup.minecraft.redstone":65,"stat.mineBlock.minecraft.iron_ore":107,"stat.timeSinceDeath":10342,"stat.pickup.armorplus.lava_crystal":8,"stat.pickup.minecraft.mutton":5,"stat.craftItem.minecraft.stonebrick":112,"stat.useItem.minecraft.potato":3,"stat.mineBlock.minecraft.coal_block":4,"stat.pickup.minecraft.nether_wart":18,"stat.pickup.minecraft.stonebrick":2,"stat.craftItem.securitycraft.taser":1,"stat.useItem.minecraft.cooked_porkchop":19,"stat.pickup.minecraft.trapdoor":2,"stat.mineBlock.minecraft.coal_ore":63,"stat.mineBlock.minecraft.nether_brick":3,"stat.killEntity.Creeper":1,"stat.talkedToVillager":5,"stat.pickup.minecraft.string":7,"stat.pickup.tombstone.crafting_ingredient":3,"stat.craftItem.minecraft.stone_slab2":0,"stat.pickup.minecraft.sandstone_stairs":3,"stat.killEntity.Squid":1,"stat.sprintOneCm":263731,"stat.craftItem.minecraft.wooden_axe":2,"stat.craftItem.minecraft.stick":52,"stat.craftItem.minecraft.stone":129,"stat.mineBlock.minecraft.diamond_ore":4,"stat.mineBlock.minecraft.crafting_table":3,"stat.mineBlock.minecraft.quartz_block":2,"stat.useItem.minecraft.diamond_pickaxe":340,"stat.useItem.minecraft.carrot":5,"stat.pickup.minecraft.leather_leggings":4,"stat.mineBlock.minecraft.planks":28,"stat.drop":60,"stat.pickup.securitycraft.mine":1,"stat.useItem.minecraft.wooden_sword":75,"stat.killEntity.Sheep":5,"stat.drop.tombstone.grave_key":1,"stat.useItem.minecraft.ladder":2,"stat.pickup.tombstone.grave_key":1,"stat.killEntity.Zombie":16,"stat.mineBlock.minecraft.gold_ore":31,"stat.diveOneCm":113743,"stat.drop.minecraft.diamond_pickaxe":1,"stat.pickup.minecraft.wheat":6,"stat.craftItem.minecraft.ladder":3,"stat.pickup.minecraft.gravel":6,"stat.craftItem.minecraft.cooked_porkchop":1,"stat.pickup.minecraft.stone_axe":1,"stat.useItem.minecraft.apple":1,"stat.pickup.minecraft.obsidian":10,"stat.useItem.minecraft.potion":5,"stat.useItem.minecraft.stained_glass_pane":63,"stat.drop.minecraft.cooked_porkchop":2,"stat.pickup.minecraft.stone_brick_stairs":4,"stat.jump":4753,"stat.pickup.minecraft.coal":108,"stat.useItem.minecraft.stone_axe":196,"stat.pickup.minecraft.gunpowder":2,"stat.pickup.minecraft.spider_eye":2,"stat.craftItem.minecraft.torch":8,"stat.pickup.minecraft.dirt":163,"stat.craftItem.minecraft.iron_helmet":1,"stat.useItem.minecraft.cooked_chicken":1,"stat.pickup.minecraft.iron_ore":109,"stat.pickup.leatherworks.rawhide_pig":2,"stat.useItem.minecraft.glass":9,"stat.mineBlock.minecraft.iron_bars":2,"stat.pickup.minecraft.gold_ore":30,"stat.useItem.minecraft.sapling":6,"stat.mineBlock.minecraft.lapis_ore":7,"stat.mineBlock.minecraft.leaves2":5,"stat.brewingstandInteraction":15,"stat.damageTaken":8058,"stat.useItem.minecraft.stone_brick_stairs":20,"stat.mineBlock.minecraft.torch":28,"stat.mineBlock.minecraft.furnace":3,"stat.useItem.minecraft.wooden_pickaxe":11,"stat.mineBlock.minecraft.sapling":1,"stat.pickup.minecraft.log2":12,"stat.mineBlock.minecraft.sandstone_stairs":3,"stat.entityKilledBy.ZombieVillager":3,"stat.pickup.minecraft.bed":6,"stat.pickup.minecraft.potato":8,"stat.entityKilledBy.Zombie":1,"stat.pickup.minecraft.stained_glass":4,"stat.damageDealt":10588,"stat.craftItem.minecraft.glass":64,"stat.sleepInBed":16,"stat.mineBlock.minecraft.nether_brick_stairs":1,"stat.killEntity.Pig":5,"stat.walkOneCm":2113875,"stat.playerKills":1,"stat.useItem.minecraft.chest":1,"stat.drop.minecraft.wheat":3,"stat.pickup.minecraft.stick":5,"stat.pickup.minecraft.diamond_pickaxe":2,"stat.pickup.minecraft.stone":97,"stat.drop.minecraft.potato":4,"stat.killEntity.Skeleton":2,"stat.craftItem.minecraft.stained_glass_pane":64,"stat.mineBlock.minecraft.stonebrick":3,"stat.killEntity.Chicken":57,"stat.killEntity.Spider":4,"stat.pickup.minecraft.bread":25,"stat.mineBlock.minecraft.quartz_ore":22,"stat.mobKills":97,"stat.pickup.minecraft.quartz":21,"stat.pickup.minecraft.diamond":6,"stat.pickup.minecraft.beetroot_seeds":16,"stat.mineBlock.minecraft.leaves":231,"stat.pickup.minecraft.torch":34,"stat.mineBlock.minecraft.redstone_ore":14,"stat.craftItem.minecraft.coal_block":3,"stat.drop.minecraft.stone_axe":1,"stat.mineBlock.minecraft.stone":523,"stat.useItem.minecraft.sandstone":45}